{
    "status": 200,
    "message": "Records Found",
    "response": {
        "22910": {
            "Calendar": {
                "2020-04-01": {
                    "is_holiday": 0,
                    "holiday_desc": "",
                    "is_employee_leave": 0,
                    "leave_name": null,
                    "emp_leave_session": null,
                    "punch_time": [
                        "2020-04-01 09:00:00",
                        "2020-04-01 18:00:00"
                    ]
                },
                "2020-04-02": {
                    "is_holiday": 0,
                    "holiday_desc": "",
                    "is_employee_leave": 0,
                    "leave_name": null,
                    "emp_leave_session": null,
                    "punch_time": [
                        "2020-04-02 09:00:00",
                        "2020-04-02 18:00:00"
                    ]
                },
                "2020-04-03": {
                    "is_holiday": 0,
                    "holiday_desc": "",
                    "is_employee_leave": 0,
                    "leave_name": null,
                    "emp_leave_session": null,
                    "punch_time": [
                        "2020-04-03 09:02:00",
                        "2020-04-03 19:18:00"
                    ]
                },
                "2020-04-04": {
                    "is_holiday": 1,
                    "holiday_desc": "Weekly Off"
                },
                "2020-04-05": {
                    "is_holiday": 1,
                    "holiday_desc": "Weekly Off"
                },
                "2020-04-06": {
                    "is_holiday": 0,
                    "holiday_desc": "",
                    "is_employee_leave": 0,
                    "leave_name": null,
                    "emp_leave_session": null,
                    "punch_time": [
                        "2020-04-06 08:52:00",
                        "2020-04-06 18:09:00"
                    ]
                },
                "2020-04-07": {
                    "is_holiday": 0,
                    "holiday_desc": "",
                    "is_employee_leave": 0,
                    "leave_name": null,
                    "emp_leave_session": null,
                    "punch_time": [
                        "2020-04-07 08:40:00",
                        "2020-04-07 18:04:00"
                    ]
                },
                "2020-04-08": {
                    "is_holiday": 0,
                    "holiday_desc": "",
                    "is_employee_leave": 0,
                    "leave_name": null,
                    "emp_leave_session": null,
                    "punch_time": [
                        "2020-04-08 08:36:00",
                        "2020-04-08 18:07:00"
                    ]
                },
                "2020-04-09": {
                    "is_holiday": 0,
                    "holiday_desc": "",
                    "is_employee_leave": 0,
                    "leave_name": null,
                    "emp_leave_session": null,
                    "punch_time": [
                        "2020-04-09 08:48:00",
                        "2020-04-09 18:09:00"
                    ]
                },
                "2020-04-10": {
                    "is_holiday": 0,
                    "holiday_desc": "",
                    "is_employee_leave": 0,
                    "leave_name": null,
                    "emp_leave_session": null,
                    "punch_time": [
                        "2020-04-10 08:29:00",
                        "2020-04-10 18:18:00"
                    ]
                },
                "2020-04-11": {
                    "is_holiday": 1,
                    "holiday_desc": "Weekly Off"
                },
                "2020-04-12": {
                    "is_holiday": 1,
                    "holiday_desc": "Weekly Off"
                },
                "2020-04-13": {
                    "is_holiday": 0,
                    "holiday_desc": "",
                    "is_employee_leave": 0,
                    "leave_name": null,
                    "emp_leave_session": null,
                    "punch_time": [
                        "2020-04-13 08:40:00",
                        "2020-04-13 19:25:00"
                    ]
                },
                "2020-04-14": {
                    "is_holiday": 0,
                    "holiday_desc": ""
                },
                "2020-04-15": {
                    "is_holiday": 0,
                    "holiday_desc": "",
                    "is_employee_leave": 0,
                    "leave_name": null,
                    "emp_leave_session": null,
                    "punch_time": [
                        "2020-04-15 08:51:00",
                        "2020-04-15 18:36:00"
                    ]
                },
                "2020-04-16": {
                    "is_holiday": 0,
                    "holiday_desc": "",
                    "is_employee_leave": 0,
                    "leave_name": null,
                    "emp_leave_session": null,
                    "punch_time": [
                        "2020-04-16 08:56:00",
                        "2020-04-16 18:15:00"
                    ]
                },
                "2020-04-17": {
                    "is_holiday": 0,
                    "holiday_desc": "",
                    "is_employee_leave": 0,
                    "leave_name": null,
                    "emp_leave_session": null,
                    "punch_time": [
                        "2020-04-17 08:40:00",
                        "2020-04-17 18:14:00"
                    ]
                },
                "2020-04-18": {
                    "is_holiday": 1,
                    "holiday_desc": "Weekly Off"
                },
                "2020-04-19": {
                    "is_holiday": 1,
                    "holiday_desc": "Weekly Off"
                },
                "2020-04-20": {
                    "is_holiday": 0,
                    "holiday_desc": "",
                    "is_employee_leave": 0,
                    "leave_name": null,
                    "emp_leave_session": null,
                    "punch_time": [
                        "2020-04-20 08:35:00",
                        "2020-04-20 18:28:00"
                    ]
                },
                "2020-04-21": {
                    "is_holiday": 0,
                    "holiday_desc": "",
                    "is_employee_leave": 0,
                    "leave_name": null,
                    "emp_leave_session": null,
                    "punch_time": [
                        "2020-04-21 08:49:00",
                        "2020-04-21 18:14:00"
                    ]
                },
                "2020-04-22": {
                    "is_holiday": 0,
                    "holiday_desc": "",
                    "is_employee_leave": 0,
                    "leave_name": null,
                    "emp_leave_session": null,
                    "punch_time": [
                        "2020-04-22 08:50:00",
                        "2020-04-22 19:03:00"
                    ]
                },
                "2020-04-23": {
                    "is_holiday": 0,
                    "holiday_desc": "",
                    "is_employee_leave": 0,
                    "leave_name": null,
                    "emp_leave_session": null,
                    "punch_time": [
                        "2020-04-23 08:49:00",
                        "2020-04-23 17:11:00"
                    ]
                },
                "2020-04-24": {
                    "is_holiday": 0,
                    "holiday_desc": ""
                },
                "2020-04-25": {
                    "is_holiday": 1,
                    "holiday_desc": "Weekly Off"
                },
                "2020-04-26": {
                    "is_holiday": 1,
                    "holiday_desc": "Weekly Off"
                },
                "2020-04-27": {
                    "is_holiday": 0,
                    "holiday_desc": ""
                },
                "2020-04-28": {
                    "is_holiday": 0,
                    "holiday_desc": ""
                },
                "2020-04-29": {
                    "is_holiday": 0,
                    "holiday_desc": ""
                },
                "2020-04-30": {
                    "is_holiday": 0,
                    "holiday_desc": ""
                }
            },
            "AssociateDetail": {
                "associate_code": "22910",
                "associate_name": "Pooja Kishore",
                "email": "pooja.kishore@kgisl.com",
                "title": "Junior Associate",
                "department": "99909 - GSS"
            }
        }
    }
}
